time,attitudeRoll,attitudePitch,attitudeYaw,rotationRateX,rotationRateY,rotationRateZ,gravityX,gravityY,gravityZ,accelerationX,accelerationY,accelerationZ,direction
0.0,-0.013431911085248001,0.6171481307199475,0.004281559288942704,0.0008314549922943115,0.03246553614735602,-0.01743847690522671,-0.010953826829791066,-0.578711748123169,-0.8154586553573608,0.0045298757031559935,0.00960463285446167,0.01081693172454834, Right
0.02004600001964717,-0.01247207500533857,0.6168897434357541,0.003793269685729686,-0.02263924852013588,0.03543788939714433,-0.02186518162488937,-0.010172979906201366,-0.5785009860992432,-0.8156182765960693,0.0041610170155763635,0.00359553098678589,0.005330801010131836, Right
0.04009200003929435,-0.01145410578849982,0.6166098815292457,0.003345717263774966,-0.0035270731896162033,0.035505644977092736,-0.017842896282672882,-0.00934455450624228,-0.5782727003097534,-0.815790057182312,-0.0006804708391427996,0.009867548942565918,0.0037783384323120117, Right
0.06013700005132705,-0.01038305518166357,0.6164530508041022,0.0028733691646332647,-0.022504493594169624,0.03953082486987114,-0.020088665187358856,-0.008471737615764138,-0.5781447291374207,-0.8158902525901794,0.000796567648649216,0.00914448499679565,0.009341239929199222, Right
0.08018300001276657,-0.009499903838982034,0.6155193278263488,0.002536421196338397,-0.05564433708786967,0.027409752830863,-0.004519520327448847,-0.00775630492717028,-0.5773826241493225,-0.8164368867874146,-0.000834393780678511,0.0012564659118652348,0.0036927461624145508, Right
0.10022900003241376,-0.009014364732533873,0.6147120202960736,0.002406648362683713,-0.01716192439198494,0.018562387675046917,-0.007418713532388208,-0.007364091463387016,-0.5767232775688171,-0.8169063925743103,0.0018709269352257254,0.009676158428192142,0.012127339839935306, Right
0.12027400004444645,-0.008437384546099939,0.6143716681681646,0.002267018328518144,-0.0226775985211134,0.03038948774337769,-0.0022481866180896763,-0.006894407328218222,-0.5764452219009399,-0.8171067833900452,-0.005404177121818067,0.016417086124420166,-0.002427518367767334, Right
0.14032000000588596,-0.00790337909949257,0.6138285072342002,0.002270536200227901,-0.026035044342279424,0.021968571469187737,-0.000772794708609581,-0.0064605409279465675,-0.5760012865066528,-0.8174232840538025,0.0014556576497852802,-0.0021237730979919425,0.0019478797912597656, Right
0.16036500001791865,-0.007419230757622052,0.6134553211396192,0.0021323892275847463,-0.008608784526586533,0.021185658872127533,-0.008474733680486677,-0.006066379602998495,-0.5756961703300476,-0.8176411986351013,0.006691989954560995,0.003979802131652832,-0.0013590455055236814, Right
0.18041100003756586,-0.00719546340326194,0.6131352684601208,0.0021142789184275604,-0.030803434550762177,0.028877878561615958,-0.009478668682277204,-0.005884743761271238,-0.5754344463348389,-0.8178267478942871,0.0033517847768962396,0.005335569381713867,-0.0004562735557556151, Right
0.20045699999900532,-0.00879531322971336,0.6076200459661627,0.003228081310867869,-0.07750409841537473,0.04706989228725433,-0.01867193914949894,-0.007220939267426731,-0.5709151029586792,-0.8209773898124695,0.001498892903327942,-0.0051347017288208025,0.00931662321090698, Right
0.22050300001865253,-0.007912296384013268,0.6075670720198619,0.002978669840583801,-0.08622794598340988,0.07014071941375732,-0.028804998844861995,-0.006496238987892865,-0.5708716511726379,-0.8210136294364929,0.004604148212820292,0.003732919692993164,0.014876544475555418, Right
0.2405480000306852,-0.004069174714378411,0.6065806262379846,0.0012113670243364635,-0.1179218292236328,0.1091962307691574,-0.04481048509478569,-0.0033432331401854736,-0.570061445236206,-0.821595311164856,0.000566133065149188,0.008034408092498776,0.029420018196105964, Right
0.2605940000503324,-0.00035392138154027386,0.6042602721458482,-0.0003140496801049602,-0.15919029712677002,0.16554877161979675,-0.07214125245809555,-0.00029124988941475754,-0.5681535005569458,-0.8229225277900696,-0.0005327250109985472,0.0008926987648010254,0.043442606925964335, Right
0.2806390000041574,0.0041490086068665475,0.6024551481138755,-0.001974914787410372,-0.18994714319705966,0.2704768776893616,-0.11476316303014755,0.0034185526892542826,-0.5666670799255371,-0.8239397406578064,-0.005264866165816782,0.010301053524017334,0.06481504440307617, Right
0.3006850000238046,0.011949177921126573,0.5994290647345916,-0.004925480417496237,-0.2534651458263397,0.4226689338684082,-0.1916770040988922,0.00986569747328758,-0.5641711950302124,-0.8255988955497742,-0.016152318567037582,0.03348571062088014,0.09856343269348143, Right
0.3207310000434518,0.02478597985811797,0.594178823559927,-0.010300687717911308,-0.3763521909713745,0.6443413496017456,-0.3291422724723816,0.02053577080368996,-0.559828519821167,-0.828354001045227,-0.02151233330368996,0.05470156669616697,0.13777172565460205, Right
0.3407770000048913,0.04464224274111955,0.586576360601823,-0.01926083708022938,-0.4019556939601898,0.8871005773544312,-0.4626020789146423,0.037167523056268685,-0.5535129308700562,-0.8320108652114868,-0.02407548204064369,0.07942235469818115,0.17138159275054932, Right
0.360822000016924,0.07130822978374121,0.5784151662456777,-0.03099941041929202,-0.3601340651512146,1.1299349069595337,-0.5551286339759827,0.0596579387784004,-0.5466976165771484,-0.8352021574974059,-0.026470072567462918,0.09567826986312863,0.1822481155395508, Right
0.3808680000365712,0.10353242913210822,0.5699377941004206,-0.044345644032072085,-0.4086006581783295,1.3503787517547607,-0.6326069831848145,0.08701188862323761,-0.5395796895027161,-0.8374262452125549,-0.01875932514667511,0.06345969438552856,0.1660701036453247, Right
0.4009139999980107,0.139006190372542,0.5598873834818543,-0.05799045622603335,-0.4324559271335602,1.4430420398712158,-0.6319824457168579,0.1174030750989914,-0.5310907959938049,-0.839141845703125,0.009000733494758606,0.01572519540786743,0.0960541367530823, Right
0.4209590000100434,0.17454837600635126,0.5486157929574658,-0.07058774627083628,-0.4869976043701172,1.4201877117156982,-0.5930644869804382,0.14817780256271362,-0.521506667137146,-0.8402822017669678,0.034118950366973884,-0.00835484266281128,0.03132224082946776, Right
0.44100500002969056,0.2075894394887916,0.5358870317994583,-0.08149723047457644,-0.5952659845352173,1.3072042465209959,-0.571706235408783,0.1772095412015915,-0.5106039047241211,-0.8413562774658203,0.04491265118122102,-0.05804538726806643,-0.02447313070297241, Right
0.4610510000493378,0.237266630897846,0.5217047773588769,-0.09107569600231756,-0.5850781798362732,1.1739864349365234,-0.5393332242965698,0.20377865433692927,-0.4983588457107544,-0.8426818251609802,0.043215379118919366,-0.03254026174545288,-0.0686798095703125, Right
0.4810960000031628,0.26420550724588243,0.5085160736375841,-0.09963277932736453,-0.5248396396636963,1.1134783029556274,-0.5148504972457886,0.2280995398759842,-0.4868816137313843,-0.8431589007377625,0.02724103629589082,0.048588156700134284,-0.06034451723098755, Right
0.5011420000228101,0.29038875536895525,0.4951198870600281,-0.1078530603971732,-0.5598438382148743,1.1109083890914917,-0.552970826625824,0.2519404888153076,-0.4751371443271637,-0.8430721759796143,-0.0019100010395050038,0.0663236677646637,-0.02088040113449097, Right
0.5211880000424571,0.3168040719177036,0.4812410345833824,-0.11642077786216615,-0.5188198685646057,1.1131504774093628,-0.5777970552444458,0.2761479020118713,-0.4628795981407166,-0.8423091769218445,-0.007150709629058838,0.07648128271102908,-0.008047819137573242, Right
0.5412330000544898,0.3426806148133207,0.467764678785046,-0.12508808377513853,-0.5057470798492432,1.0613867044448853,-0.575074315071106,0.299917995929718,-0.4508922100067138,-0.8406814932823181,0.0037013888359069846,0.06591293215751648,-0.004548549652099611, Right
0.5612790000159293,0.3663892070060263,0.4552618867126151,-0.13288213627898285,-0.4084227681159973,0.94560569524765,-0.5157586336135864,0.3217577636241913,-0.4396975338459015,-0.8385332822799683,0.008030474185943605,0.0010683536529541016,-0.04231083393096922, Right
0.5813250000355765,0.3867570024608692,0.44502896949731896,-0.13998396700684446,-0.2961162030696869,0.7664734721183777,-0.4294522404670715,0.340448260307312,-0.4304840266704559,-0.8359296917915344,0.008840680122375488,-0.022976666688919074,-0.08463299274444583, Right
0.6013700000476092,0.4025100123437305,0.4378903787398365,-0.14567263968622104,-0.19543339312076569,0.5739710927009583,-0.3295383155345917,0.35476866364479065,-0.4240298271179199,-0.8332694172859192,0.015226453542709356,-0.04220250248908998,-0.11141747236251832, Right
0.6214160000090487,0.4140308816339488,0.4320554334118976,-0.14956052447696358,-0.2088538557291031,0.4140758812427521,-0.214710146188736,0.3653340637683869,-0.4187382459640503,-0.8313779830932617,0.00687360763549805,-0.0644313395023346,-0.12482929229736328, Right
0.6414620000286959,0.4209057819094533,0.4269806019580557,-0.1506517524647415,-0.2114240825176239,0.2248142510652542,-0.08762098848819733,0.3719044923782349,-0.4141243696212769,-0.8307755589485168,0.014356493949890132,-0.07697978615760802,-0.13545668125152588, Right
0.6615070000407286,0.422849233996604,0.4229382093588849,-0.14943438810987858,-0.19537042081356049,0.02085443772375584,0.02190189063549041,0.37420228123664856,-0.4104415476322174,-0.8315710425376892,0.02748534083366394,-0.07927405834197998,-0.1419244408607483, Right
0.6815530000021681,0.4201569445173667,0.4201058686262055,-0.14624237527421385,-0.18500858545303345,-0.15119972825050354,0.12161532044410706,0.3724347949028015,-0.4078571200370789,-0.833633542060852,0.02687242627143861,-0.08167535066604614,-0.14070111513137815, Right
0.7015990000218153,0.4136247258690424,0.4181443001167793,-0.14136566178856105,-0.16859965026378632,-0.3002401292324066,0.20305033028125766,0.367302268743515,-0.40606534481048573,-0.8367795348167419,0.029487282037735,-0.08188021183013916,-0.13413715362548828, Right
0.721644000033848,0.4040041633093725,0.4171569845496098,-0.13542396418911715,-0.1286676824092865,-0.4163972139358521,0.25106754899024963,0.359392523765564,-0.4051628708839417,-0.8406426310539246,0.035321861505508416,-0.06824105978012085,-0.11280280351638795, Right
0.7416900000534952,0.39196463624448347,0.4173003443932048,-0.12894120215612365,-0.08714926987886429,-0.5273618698120117,0.3091982305049896,0.3492235839366913,-0.4052939414978027,-0.8448548316955566,0.03786137700080873,-0.048624485731124885,-0.11211532354354857, Right
0.7617345833568834,0.3772457927335207,0.4188461812079376,-0.12151898583974324,-0.03247403725981714,-0.6391225457191467,0.3702201545238495,0.3365197479724884,-0.40670663118362427,-0.8493198156356812,0.04176089167594908,-0.04080313444137573,-0.10075336694717407, Right
0.7817795833689161,0.3601310396713627,0.4212783587663514,-0.11342271031616945,-0.007800914347171786,-0.7449914216995239,0.4016718566417694,0.3215857446193695,-0.40892738103866577,-0.8540263772010803,0.04496088624000548,-0.0368429124355316,-0.08951610326766965, Right
0.8018255833885632,0.3406438387933798,0.42440433713986797,-0.10479037668360401,0.02797452732920648,-0.8397263884544373,0.4349472522735596,0.30445459485054016,-0.4117780327796936,-0.8589215874671936,0.043598383665084825,-0.018931835889816284,-0.07300895452499387, Right
0.8218715833500028,0.3192673079362838,0.42776461212647743,-0.09583794933363296,0.0266896840184927,-0.9257611632347108,0.4386717975139618,0.2855897545814514,-0.4148378670215607,-0.8639143705368042,0.04731121659278871,0.0005922615528106688,-0.057334959506988525, Right
0.8419165833620355,0.2956591774132153,0.4310429858111993,-0.08645424018303481,0.03932837769389154,-1.0455710887908936,0.4787001609802246,0.2647189497947693,-0.4178186058998108,-0.869109570980072,0.06424525380134583,0.01095828413963318,-0.0676732063293457, Right
0.8619625833816826,0.2689482052176139,0.4353104075187818,-0.07603097249172353,0.0977719873189926,-1.1840953826904297,0.5534092783927917,0.2409365624189377,-0.42169189453125,-0.8741427063941956,0.05972263216972351,-0.0003204643726348877,-0.08252227306365964, Right
0.8820085833431222,0.23858636833022384,0.4405352056654475,-0.06410861519673584,0.12403061240911485,-1.3312342166900637,0.6070369482040405,0.21376539766788485,-0.4264236390590668,-0.8789011836051941,0.06376145780086517,-0.003401219844818114,-0.07472735643386844, Right
0.9020545833627692,0.2056119446878968,0.4454208658305317,-0.05167335840830901,0.10583243519067764,-1.4213391542434692,0.5897047519683838,0.18424563109874725,-0.4308377206325531,-0.8834208250045776,0.07133908569812772,0.0009518265724182127,-0.04080396890640259, Right
0.922099583374802,0.1713688577594258,0.4502414042976242,-0.03951304965897677,0.17380709946155548,-1.4615116119384766,0.5725752115249634,0.15353652834892273,-0.4351828992366791,-0.8871541023254395,0.08520250022411346,0.04649573564529419,-0.019828319549560547, Right
0.9421455833362417,0.13666750314757115,0.4558328374558277,-0.02751982695422241,0.22319062054157254,-1.4765944480895996,0.5770441293716431,0.1223313808441162,-0.4402102530002594,-0.8895223140716553,0.08216691762208939,0.0768984854221344,0.005367040634155274, Right
0.9621915833558888,0.10180756523601588,0.46171623925794103,-0.015438300412942425,0.20453330874443051,-1.465761661529541,0.5642195343971252,0.090989850461483,-0.4454852938652039,-0.8906535506248474,0.060331560671329526,0.04753604531288147,0.02038377523422242, Right
0.9822365833679214,0.06719228075928686,0.4655218572696971,-0.0031113183207923142,0.07691770046949388,-1.4389183521270752,0.5686863660812378,0.05999700725078583,-0.4488891959190369,-0.8915709853172302,0.04103143885731697,0.031469732522964484,0.0514373779296875, Right
1.0022825833875686,0.033423829256894265,0.4662965121534043,0.009272442406738536,-0.03728490322828293,-1.3657230138778689,0.5316265821456909,0.02984992414712907,-0.4495812654495239,-0.8927405476570129,0.039592824876308434,0.025234311819076528,0.07630378007888794, Right
1.022328583349008,0.0025997411762186924,0.4661526426821229,0.02011378691852141,0.04396934062242508,-1.2124338150024414,0.4180816113948822,0.002322356915101409,-0.4494527578353882,-0.8933010697364807,0.03553469851613046,0.04924520850181578,0.110357403755188, Right
1.0423735833610408,-0.023198497048092317,0.4686221183384411,0.02805697765837073,0.23490732908248899,-1.0011410713195799,0.30094167590141296,-0.02069564536213874,-0.4516573846340179,-0.8919513821601868,0.013539273291826243,0.09168729186058043,0.13293349742889404, Right
1.062419583380688,-0.04379253188222847,0.4751197910501515,0.034434480983717236,0.40781906247138977,-0.7738844752311707,0.24593475461006165,-0.038929533213377,-0.457444965839386,-0.8883854150772095,-0.0125993974506855,0.0982530415058136,0.13277018070220947, Right
1.0824655833421275,-0.059696821424589985,0.4831424346507657,0.03971813204361143,0.3687659204006195,-0.5741172432899475,0.17119798064231873,-0.05283249542117117,-0.4645642042160034,-0.8839619755744934,-0.01781569793820382,0.05605587363243103,0.12349450588226317, Right
1.1025105833541602,-0.0709306217692044,0.4886393474245258,0.04296092457866331,0.19142323732376101,-0.3995755314826965,0.07518288493156436,-0.0625772774219513,-0.4694249033927918,-0.8807521462440491,-0.014555901288986206,0.008792549371719357,0.10121113061904907, Right
1.1225565833738074,-0.07776496761174709,0.4911595115389144,0.043961217775076215,0.0900852978229523,-0.2406514286994934,0.0041969679296016684,-0.06850301474332812,-0.471648633480072,-0.8791216611862183,-0.02340067178010941,0.009154707193374636,0.09362971782684326, Right
1.1426025833352471,-0.08117105482816497,0.4932048245857422,0.04376696680693986,0.13251024484634402,-0.11208520084619522,-0.030070990324020382,-0.07141860574483871,-0.4734511971473694,-0.8779199123382568,-0.03318040072917938,0.02020409703254699,0.07892394065856936, Right
1.162648583354894,-0.0821342138544549,0.4971446826665586,0.043184629853899405,0.26460278034210205,-0.019059004262089733,-0.05995687097311023,-0.07211055606603622,-0.4769178032875061,-0.8759848475456238,-0.020342454314231862,0.024509936571121216,0.06612461805343625, Right
1.1826935833669268,-0.08135825520056153,0.5036073141935327,0.04191549218723429,0.3605242371559143,0.03190153464674948,-0.09140785038471223,-0.07117883116006851,-0.482588142156601,-0.8729503154754639,-0.004993043839931488,0.029463142156600945,0.048411190509796136, Right
1.202739583386574,-0.07987138500525554,0.5111193210390264,0.04059586701088329,0.345975399017334,0.05202164128422735,-0.08758069574832919,-0.06958957761526108,-0.4891538321971893,-0.8694169521331787,-0.0035915747284889217,0.012667566537857056,0.02642989158630371, Right
1.2227855833480137,-0.07809249656609753,0.5166659493580756,0.03914687327341759,0.1955247670412064,0.045893345028162,-0.07601747661828995,-0.06783016771078113,-0.4939840137958527,-0.8668211102485657,-0.0030011236667633057,-0.01222631335258484,0.010101199150085446, Right
1.242830583360046,-0.07749528782149412,0.5190704846199845,0.03833448070585342,0.07757430523633957,0.04842378571629523,-0.062445174902677536,-0.06722033023834229,-0.4960732758045197,-0.8656747341156006,0.004399895668029787,-0.015294551849365234,0.005353689193725586, Right
1.262876583379693,-0.07686351185661608,0.5191187510614832,0.03758123152407042,0.027216190472245216,0.055450551211833975,-0.0583261772990227,-0.06667156517505649,-0.4961151778697968,-0.8656931519508362,0.008993342518806458,-0.006616175174713132,0.008378088474273685, Right
1.2829225833411328,-0.07589519925341838,0.5191032640646789,0.03672723880033861,0.04877182096242903,0.044838733971118934,-0.04944818839430809,-0.06583385914564135,-0.4961017370223999,-0.8657649755477905,0.01300792396068573,0.006126731634140013,0.004482626914978026, Right
1.3029675833531655,-0.07527466653538764,0.5212190867349185,0.03621318903157173,0.08178102970123291,0.03632500767707826,-0.03275203332304953,-0.06521752476692201,-0.4979377090930938,-0.8647570610046387,0.011750727891921995,0.009183406829833984,-0.003025531768798828, Right
1.3230135833728127,-0.07434206368529614,0.5240317679161907,0.03564198789246745,0.07305212318897247,0.029477166011929512,-0.027423238381743417,-0.06430674344301221,-0.5003749132156372,-0.863417387008667,0.0077118948101997375,-0.002447962760925293,-0.002381563186645509, Right
1.3430595833342522,-0.07319812867311402,0.5265210237563632,0.03505401951187645,0.11372271180152893,0.019345337525010102,-0.014624048024415968,-0.06322772055864331,-0.5025286078453064,-0.8622455000877379,0.006220877170562744,0.006190717220306397,-0.0015087723731994627, Right
1.363104583346285,-0.07199691636951558,0.5283896023609578,0.03456692072417177,0.1078343316912651,0.014978153631091125,-0.002065911889076233,-0.06212427839636803,-0.5041432380676271,-0.8613827228546143,0.0033626779913902296,0.014824330806732178,-0.003988981246948242, Right
1.383150583365932,-0.07091448314274075,0.5286925624525372,0.03417722498597702,0.03863210231065752,0.01091949641704559,-0.011059406213462351,-0.06118102744221687,-0.5044048428535461,-0.861297070980072,0.004906609654426573,-0.002629458904266357,-0.0024114251136779785, Right
1.4031965833855793,-0.06992723691874952,0.5283315228530153,0.0335773356145916,-0.003496713936328888,0.01821902953088284,-0.012450299225747582,-0.06034340709447863,-0.5040930509567261,-0.8615386486053467,0.004770901054143907,0.0018957853317260747,-0.002001941204071044, Right
1.4232425833470188,-0.06910704490256453,0.5282932112771516,0.0329929578613113,0.043861746788024916,0.014261763542890544,-0.029362779110670086,-0.05963809415698053,-0.5040599703788757,-0.8616071343421936,0.004233427345752715,0.01010245084762573,0.0015912652015686035, Right
1.4432875833590515,-0.06846694791683575,0.5288582801399038,0.03247096715402966,0.11311431229114532,0.01544070802628994,-0.021598905324935917,-0.059067074209451675,-0.5045479536056519,-0.8613608479499817,0.0027011074125766745,0.015106976032257082,0.001894295215606689, Right
1.463333583378699,-0.06779761562166563,0.5314225046200538,0.0320578065241163,0.16028130054473874,0.018522404134273533,-0.024797208607196808,-0.05840268358588216,-0.5067601799964905,-0.8601065278053284,0.0036083683371543897,0.009399950504302982,0.0020438432693481445, Right
1.4833795833401382,-0.06700838715890534,0.5345879549936793,0.03150542785080402,0.15418612957000732,0.02149255014955997,-0.04048836231231688,-0.05761614814400672,-0.5094865560531616,-0.858547568321228,0.006010919809341429,0.011607468128204346,-0.0003696680068969727, Right
1.5034245833521709,-0.06585625751683594,0.5358591043726884,0.030495961085578793,0.03437782824039458,0.03573313727974892,-0.04809807986021042,-0.05658428370952606,-0.5105798840522766,-0.857966423034668,-0.0013075657188892367,-0.0007573962211608885,0.00045299530029296864, Right
1.523470583371818,-0.06451022328929233,0.5347394796322312,0.0294703380874178,-0.03642403706908226,0.0354682095348835,-0.03599435836076735,-0.055466201156377785,-0.5096169114112854,-0.8586117625236511,-0.0014338269829750055,-0.0110129714012146,-0.003158867359161377, Right
1.5435165833332576,-0.06372814731618869,0.5340322953581726,0.028817442193748887,0.040655430406332016,0.011189332231879229,-0.022916940972208973,-0.054817620664834976,-0.5090082883834839,-0.8590143322944641,0.010872304439544678,-0.004358410835266115,-0.004938304424285889, Right
1.5635615833452905,-0.06333393300276717,0.5355665967416945,0.028301458250743088,0.1492852419614792,-0.00013043452054262159,-0.031484596431255334,-0.05442948639392855,-0.5103284120559692,-0.8582553863525391,0.00981278344988823,0.009336531162261966,-0.001211106777191162, Right
1.5836075833649377,-0.06311258047174997,0.5385835015297464,0.02779856433618792,0.1448361575603485,0.005718172062188387,-0.035365849733352675,-0.054142158478498466,-0.5129205584526062,-0.8567270040512085,0.00473419576883316,0.005855679512023928,0.004493117332458496, Right
1.6036535833845846,-0.06267140783425154,0.5411232883329704,0.02711820611232091,0.09078065305948256,0.017497751861810684,-0.04556320607662201,-0.053682424128055586,-0.5150991082191467,-0.8554478883743286,0.0030232444405555725,0.0006032586097717285,0.0017186403274536124, Right
1.6236995833460242,-0.061492434110970814,0.542484272488586,0.026007131871855937,0.05932193249464035,0.018334116786718358,-0.04473443329334259,-0.05263070762157438,-0.5162652134895325,-0.8548101186752319,0.007922455668449405,0.004500627517700195,0.0052770376205444345, Right
1.6437445833580568,-0.06011186087455664,0.5427824921964439,0.024837293970540988,0.01524901017546653,0.02155117690563202,-0.0422002077102661,-0.05144127830862999,-0.5165205597877502,-0.8547282218933105,0.006794061511754992,0.00028520822525024414,0.00632429122924805, Right
1.663790583377704,-0.059177221756247685,0.5427044078215093,0.02389478577200497,0.032784461975097656,0.011439401656389231,-0.033796221017837524,-0.05064478144049647,-0.5164536833763123,-0.854816198348999,0.008301638066768645,-0.005198538303375244,0.006030797958374022, Right
1.6838365833391435,-0.058753789848352625,0.5444202063338591,0.02330083255010621,0.14544415473937988,0.002552890451624989,-0.02834853529930115,-0.050230711698532084,-0.5179222226142883,-0.8539516925811768,0.010283198207616806,0.009148359298706051,0.002297639846801757, Right
1.7038815833511762,-0.05826230095084381,0.5477437211023906,0.022823327727765998,0.1731301248073578,0.008306423202157024,-0.02763077616691589,-0.04971048980951308,-0.5207623839378357,-0.8522531390190125,0.008527018129825592,0.007227838039398193,0.006962060928344727, Right
1.7239275833708234,-0.057415796301762516,0.5499468557934294,0.02213737411176124,0.04912854731082916,0.020238792523741715,-0.03607132285833357,-0.048923078924417496,-0.5226418972015381,-0.8511474728584291,0.002933088690042496,-0.008943796157836914,0.007031261920928955, Right
1.7439735833322632,-0.056372063418215775,0.5497099179749283,0.02124524629059247,-0.06795879453420639,0.021496659144759168,-0.027165785431861867,-0.04804165661334992,-0.5224398970603943,-0.8513216376304626,0.007636383175849917,-0.009298384189605716,0.007083415985107422, Right
1.764018208370544,-0.05535411608715224,0.5479744533354354,0.020362941045769568,-0.058695387095212936,0.01588836312294007,-0.020343909040093432,-0.047225125133991235,-0.5209593176841736,-0.8522741198539734,0.003554467111825943,-0.005056917667388916,0.006799876689910889, Right
1.7840642083319835,-0.05470604222609502,0.5477177624454536,0.01984275670144527,0.06364157795906067,0.005448869429528715,-0.014994456432759757,-0.046680089086294174,-0.5207402110099792,-0.8524380922317505,0.0056797228753566725,0.013370156288146973,0.0022794008255004887, Right
1.8041102083516307,-0.05460611678326123,0.5503589329758055,0.019631278747959783,0.15282444655895233,-0.011664718389511108,-0.013373503461480146,-0.0465196780860424,-0.5229932069778442,-0.8510664105415344,0.00835744291543961,0.010709881782531738,0.0017470121383667, Right
1.8241562083712781,-0.05473212936148085,0.5541367487665885,0.019533923527135472,0.17680183053016665,-0.01798601634800434,-0.005921333096921442,-0.04651850834488869,-0.5262094140052795,-0.8490816354751587,0.009088695049285885,0.005533754825592041,-0.001565337181091308, Right
1.8442012083833104,-0.05497508035601513,0.5572735759651243,0.01950323659315557,0.10363546758890152,-0.015399022027850156,-0.012004259042441843,-0.04663386195898056,-0.5288742780685425,-0.8474180102348328,0.00702204927802086,-0.006007313728332518,0.0008299350738525392, Right
1.86424720834475,-0.054827466786457946,0.557943327822641,0.01906851711298143,0.009185392409563065,-0.0043127001263201245,-0.019090283662080768,-0.04648935049772261,-0.5294425487518309,-0.8470710515975952,0.006023041903972628,-0.008414566516876224,0.0074561834335327174, Right
1.8842932083643973,-0.054289371179579694,0.5572290355123477,0.0184378368775754,-0.02235056087374686,0.0033377052750438443,-0.018069684505462653,-0.04605405032634735,-0.5288364291191101,-0.8474733233451843,0.008639499545097348,-0.002581417560577393,0.007217645645141605, Right
1.90433820837643,-0.053818616617574006,0.557032980899541,0.018055837858675337,0.035762276500463486,0.0017446400597691536,0.0035565542057156563,-0.04566066712141037,-0.5286700129508972,-0.8475984334945679,0.009695701301097872,0.003706634044647218,0.003802657127380371, Right
1.9243842083378693,-0.05373299785281873,0.5583732446789018,0.01813737815091816,0.08522902429103851,-0.0008567930199205872,0.007414751686155799,-0.04555000364780426,-0.5298072099685669,-0.8468940854072571,0.010393749922513962,0.004660725593566893,0.00720292329788208, Right
1.944430208357517,-0.053802661841911535,0.5605347518687795,0.01837257188365457,0.0933612585067749,0.0018378705717623227,0.006915750913321975,-0.045547310262918465,-0.5316392183303833,-0.8457453846931458,0.008209049701690674,0.00016027688980102544,0.006130516529083252, Right
1.9644752083695491,-0.05343139468767431,0.561981950983432,0.01829231844595217,0.04532981663942337,0.01564791984856128,-0.007414756342768669,-0.0451921708881855,-0.5328643918037415,-0.8449930548667908,0.002620149403810501,-0.0008270144462585452,0.00859779119491577, Right
1.9845212083891963,-0.05287330300142814,0.5627376006405203,0.018077854403181232,0.05064042657613752,0.011021170765161514,-0.00715087540447712,-0.04469928890466692,-0.5335036516189575,-0.8446158170700073,0.0072084441781044015,0.0006971955299377444,0.009364962577819824, Right
2.004567208350636,-0.05216384013255728,0.5637207054547154,0.01781726934701354,0.04753051698207854,0.02311795204877853,-0.008105846121907234,-0.04407268762588501,-0.5343348979949951,-0.8441231250762941,0.007649954408407211,0.006426572799682617,0.005423784255981447, Right
2.0246132083702832,-0.05132533028827235,0.5642387077558991,0.017538059611576014,0.006303053349256513,0.02758268639445306,-0.010726587846875194,-0.04335065931081772,-0.5347726941108704,-0.843883216381073,0.006195507943630217,-0.0012227892875671387,0.006007909774780274, Right
2.044658208382316,-0.05054142560415354,0.5642738429095724,0.017148817752284013,-0.004328818991780281,0.03218466788530348,-0.01849152892827988,-0.04268817231059074,-0.5348023772239685,-0.8438981771469116,0.004968445748090744,-0.001544058322906494,0.004023969173431397, Right
2.0647042083437555,-0.049758389919272235,0.5649027656493689,0.016854583183088738,0.0722925886511803,0.021550377830863,-0.007054735440760854,-0.04201062023639679,-0.5353336930274963,-0.8435952663421631,0.0008576661348342899,0.004251539707183836,-0.001543283462524414, Right
2.084750208363402,-0.049327853404179216,0.5671934988426552,0.016774724880295282,0.14626240730285645,0.011913882568478584,-0.006312360521405935,-0.041586842387914665,-0.5372671484947205,-0.8423862457275391,0.002798996865749359,0.010213255882263184,-0.0013790130615234375, Right
2.1047952083754358,-0.04898659459726374,0.5699493213563124,0.01664073055134135,0.11337997019290925,0.005877656862139703,-0.013167108409106737,-0.04122670739889146,-0.5395894050598145,-0.8409183621406555,0.0006993673741817472,-0.002723217010498047,-0.003579258918762207, Right
2.1248412083368753,-0.04866104156805567,0.5718741519526427,0.01638315402419523,0.08285202085971835,0.006426705978810786,-0.01784384809434414,-0.04090234637260437,-0.5412089228630066,-0.8398928046226501,-0.0015781223773956305,-0.006200134754180908,-0.0012937188148498535, Right
2.144887208356522,-0.04826149975069029,0.5730840998229306,0.015991702388643586,0.06266632676124573,0.0063289292156696346,-0.01993260346353054,-0.040535151958465576,-0.5422259569168091,-0.8392543792724609,-0.004157844930887224,-0.002131342887878418,-0.0026950836181640625, Right
2.1649332083761688,-0.04800640822377842,0.574301341820394,0.015747023819144456,0.0917200818657875,-9.282655082643032e-05,-0.008492804132401941,-0.040289361029863364,-0.5432483553886414,-0.8386048078536987,-0.001214548945426941,0.001378178596496582,-0.0013152360916137695, Right
2.184978208388202,-0.04784706635199885,0.5759381349914005,0.015483252402740025,0.0718547701835632,0.0027432118076831107,-0.020282581448554996,-0.04011315107345581,-0.5446218252182007,-0.8377219438552856,2.8312206268310554e-05,-0.0028483271598815922,-0.0009163618087768557, Right
2.2050242083496414,-0.0476949578270944,0.5770586237398093,0.015157353746943459,0.04643662273883818,0.0009306073188781738,-0.01908967457711697,-0.03995660692453383,-0.5455611944198608,-0.8371179699897766,0.0036712065339088436,-0.007463097572326663,0.0040186047554016105, Right
2.2250702083692886,-0.04746815864968347,0.5780703162290316,0.014652815089770978,0.06638103723526001,-0.002363114152103664,-0.031296730041503906,-0.03974054008722307,-0.5464088320732117,-0.8365752100944519,0.0033025480806827545,0.0035163164138793945,0.00477290153503418, Right
2.2451152083813213,-0.047144616693659235,0.5796589512239687,0.014076381327313738,0.08650428056716916,0.01174777839332819,-0.03175159543752672,-0.03942891210317612,-0.5477386116981506,-0.8357199430465698,0.0018007345497608183,0.004907190799713133,0.013057589530944824, Right
2.265161208342761,-0.04643532458900111,0.5811188454804559,0.013347436058288116,0.06088174879550934,0.018886152654886246,-0.032291915267705903,-0.03879897296428679,-0.5489594936370851,-0.8349480032920837,-0.0006297416985034943,-0.00044852495193481467,0.00795215368270874, Right
2.2852072083624084,-0.04586038684950618,0.5821953836710173,0.012837628086033677,0.0451781526207924,0.011146018281579021,-0.021112687885761254,-0.0382918082177639,-0.5498589873313904,-0.8343793153762817,0.006706111133098602,-0.0036689043045043945,0.011457562446594238, Right
2.3052522083744407,-0.04528586287270412,0.583037718498584,0.012280528140936612,0.035940445959568024,0.01519356574863196,-0.027209386229515062,-0.03779144957661629,-0.55056232213974,-0.8339381814002991,0.0064804144203662855,-0.00482708215713501,0.006225228309631348, Right
2.3252982083358797,-0.04468635003312976,0.5834308535936121,0.011834907568129386,0.004657750949263573,0.01788512617349624,-0.014972122386097903,-0.037281814962625504,-0.5508905053138733,-0.833744466304779,0.004490677267313003,-0.004697322845458983,0.006214559078216553, Right
2.345344208355528,-0.044232268263061834,0.5833035752924268,0.01151867481873443,-0.016190005466341983,0.014399353414773941,-0.014553170651197428,-0.036906320601701736,-0.5507842302322388,-0.8338313102722168,0.003123357892036439,-0.007595896720886228,0.008147716522216797, Right
2.3653902083751746,-0.04375982647208626,0.5831405838184092,0.011328753025876772,-0.006238704547286032,0.01475802436470986,-0.0009137140586972237,-0.03651630878448485,-0.5506482124328613,-0.8339383006095886,0.004091378301382065,0.0005382895469665525,0.006332159042358396, Right
2.3854352083872072,-0.04338610978836251,0.5835558495182716,0.011238894778909584,0.026532959192991267,0.014032294042408466,-0.0039107222110033035,-0.03619472682476044,-0.5509948134422302,-0.8337234258651733,0.006104391068220137,0.003204226493835448,0.008329749107360843, Right
2.4054812083486468,-0.04291188067782649,0.5844235472937919,0.011002282160632213,0.0337103083729744,0.015701582655310624,-0.012108311988413334,-0.03577882423996925,-0.5517187118530273,-0.8332625031471252,0.002651993185281753,0.0002813339233398437,0.005686819553375244, Right
2.425527208368294,-0.042482071184055545,0.5851704598758928,0.010869760199284631,0.02144778519868851,0.01886241324245929,0.003498267382383345,-0.035403165966272354,-0.5523414611816406,-0.8328658938407898,-0.005398835986852648,-0.001583099365234375,-6.562471389770508e-05, Right
2.445572208380326,-0.04214959169007736,0.5852772832633379,0.010874187090659172,-0.01725633442401886,0.01480381190776825,0.00043449178338050826,-0.03512376546859741,-0.5524305105209351,-0.8328185677528381,-0.0016651749610900885,-0.006651520729064944,0.0014282464981079106, Right
2.465618208341766,-0.04185018727496891,0.5847291923501524,0.01082708135852142,-0.028317108750343326,0.008715502917766575,0.005237312987446785,-0.034887079149484634,-0.5519735813140869,-0.8331314921379089,-0.0017492733895778654,-0.006894826889038086,-0.0033094882965087878, Right
2.4856642083614133,-0.04172966496464557,0.5845096763216895,0.010768660576606585,0.005915964022278787,-0.001514688367024064,-0.003963832743465902,-0.034791722893714905,-0.5517905354499817,-0.833256721496582,0.0028093010187149057,0.001909554004669189,0.0010119080543518066, Right
2.5057102083810605,-0.041760607712766185,0.5847764796689866,0.010646089790208296,0.009097639471292496,-0.00030173291452229023,-0.010456999763846394,-0.03481135517358781,-0.5520130395889282,-0.8331084847450256,0.0002807155251502992,0.0028949379920959464,0.0008484125137329103, Right
2.525755208334885,-0.04175918007720701,0.5849811706996209,0.010544908701315914,0.0047818571329116795,0.0011666766367852688,-0.005789467599242927,-0.03480545058846474,-0.5521836876869202,-0.8329956531524658,-0.004058685153722763,0.001722872257232666,0.0013458728790283207, Right
2.5458012083545327,-0.041700254785756716,0.5853181497335719,0.01043211037741934,0.01559682004153729,0.0024217297323048115,-0.012038003653287884,-0.03474860638380052,-0.5524646043777466,-0.8328117132186891,0.0023847110569477077,0.007069706916809085,0.0043815970420837385, Right
2.5658472083741803,-0.041341142603988135,0.5858124082923752,0.009941114252425822,0.031487904489040375,0.002571094548329711,-0.033835217356681824,-0.03443824127316475,-0.5528765320777893,-0.8325512409210205,0.0051261074841022465,0.005696296691894531,0.006074190139770508, Right
2.5858922083862126,-0.04076802030253878,0.5862593811618699,0.009210601574732188,0.02006161026656628,0.00797282345592976,-0.02667606994509697,-0.0339510068297386,-0.5532488822937012,-0.8323238492012024,0.0001070126891136169,0.0066943168640136745,0.005694270133972165, Right
2.605938208347652,-0.04025803210227389,0.5863049807379177,0.008630697676093783,-0.016539145261049278,0.014781632460653782,-0.024135109037160863,-0.033525511622428894,-0.5532869100570679,-0.8323158621788025,-0.0032329112291336073,-0.0017362833023071285,0.0013222098350524902, Right
2.6259842083672997,-0.03971462367521892,0.5857196362086683,0.008139648017142316,-0.02965388260781765,0.003362301038578154,-0.01698022335767746,-0.033086072653532035,-0.5527992248535156,-0.8326573967933655,0.003392469137907028,-0.00584036111831665,0.0020452141761779785, Right
2.6460302083869465,-0.03941061158755476,0.5854412431520589,0.007659393690972136,0.0040912963449954995,-0.0023723209742456675,-0.02076727524399757,-0.03283899649977684,-0.552567183971405,-0.8328211903572083,0.00998133048415184,0.0016639232635498047,0.0077021718025207546, Right
2.6660752083407715,-0.03926738999985215,0.5858084865534379,0.007318830693631514,0.02211876586079598,0.0011271859984844927,-0.012673015706241136,-0.032711748033761964,-0.5528732538223267,-0.8326230049133301,0.00527644157409668,0.00297701358795166,0.0073361992835998535, Right
2.6861212083604187,-0.03916264169735235,0.5860474619381963,0.0069780277296597176,-0.0005818847566843035,-0.0011408565333113074,-0.01661791838705539,-0.032619357109069824,-0.5530723333358765,-0.8324944376945496,0.0046652555465698225,-0.00015032291412353516,0.012059867382049557, Right
2.7061672083800663,-0.038950096158758135,0.5862230596578171,0.006667618018280444,0.008575262501835823,0.007299823686480519,-0.011558787897229195,-0.032438632100820534,-0.5532186627388,-0.8324042558670044,0.0039504729211330405,-0.0011941790580749512,0.006949543952941892, Right
2.726212208333891,-0.03844575365313088,0.5866628331701015,0.006405074708904318,0.02856880985200405,0.01163653377443552,-0.00452922098338604,-0.032009456306695924,-0.5535849332809448,-0.8321773409843445,0.0013698078691959375,-0.0014992952346801751,0.006570041179656982, Right
2.746258208353538,-0.03813387437637414,0.5873004052961192,0.006317643395256393,0.030855400487780568,0.0036073692608624697,-0.0029294602572917943,-0.03173645585775374,-0.5541157722473145,-0.8318344354629517,0.003782350569963454,-0.003013134002685547,0.00503695011138916, Right
2.766305583354552,-0.03794741876106307,0.5876456740266764,0.006265307717547727,-0.012240404263138776,0.006703636609017849,0.0004333890974521637,-0.03157409280538559,-0.5544031858444214,-0.831649124622345,-0.00010315701365470886,-0.005182445049285889,-0.0026404261589050284, Right
2.786350583366584,-0.037842888624398184,0.5870151876996371,0.006275168156489197,-0.04595668613910675,3.399699926376343e-05,0.005440245382487772,-0.03150038048624994,-0.5538783669471741,-0.8320015072822571,0.0029969625174999237,-0.0067601203918457005,-0.00167769193649292, Right
2.806396583386231,-0.03794184734954263,0.5864546530701328,0.006281027372060721,-0.012546934187412257,-0.00818324368447065,-0.002173922024667263,-0.03159448504447937,-0.5534115433692932,-0.8323084712028503,0.0030605457723140712,0.0029354691505432138,0.003573179244995117, Right
2.8264425833476707,-0.037961947520393606,0.5865422268318843,0.006130104529049686,0.0047517605125904075,-0.004379811696708201,-0.0024812128394842148,-0.031609375029802315,-0.5534844994544983,-0.8322594165802002,-0.0012427978217601774,0.006380617618560791,0.004119157791137695, Right
2.8464885833673184,-0.03796500997814474,0.5870323148564659,0.00605987009243733,0.03951000794768333,-0.006100176367908718,-0.0015061916783452036,-0.031601626425981515,-0.5538926124572754,-0.8319882154464722,-0.0013268440961837769,0.0013108253479003902,0.0016049146652221686, Right
2.8665335833793506,-0.038077210434399364,0.5882633353137293,0.00601659414063379,0.06337365508079529,-0.012022305279970169,-0.007529387250542641,-0.031668990850448615,-0.5549170970916748,-0.8313026428222656,0.00653776898980141,0.006592512130737305,0.005084991455078125, Right
2.88657958334079,-0.038072937959822035,0.5891246291734333,0.005785338111297002,0.02279520966112613,-0.004023138433694839,-0.008254338055849075,-0.031647238880395875,-0.5556334257125854,-0.8308249115943909,0.002396136522293091,-0.00921642780303955,0.0037527084350585938, Right
2.9066255833604373,-0.037894419022188944,0.5891924234581981,0.005525611802152517,0.0047680065035820025,0.008255441673099998,-0.009472658857703207,-0.031497493386268616,-0.555689811706543,-0.8307929039001465,-0.0006527788937091827,-0.006505072116851807,0.006268978118896487, Right
2.92667058337247,-0.03772507156464585,0.5891300751240486,0.005460920847815862,-0.009100669994950293,0.007425371091812848,-0.0012202821671962742,-0.03135810419917105,-0.5556379556655884,-0.8308327794075012,0.00023017451167106642,-0.005732953548431397,0.006553053855895996, Right
2.946716583333909,-0.037542928210130264,0.5886994989417701,0.005410863897368161,-0.020077019929885868,0.000468529062345624,0.005099398083984853,-0.03121574968099593,-0.5552799105644226,-0.8310775160789491,0.005321582779288292,-0.010500729084014893,0.0037917494773864724, Right
2.9667625833535567,-0.03759610299144515,0.5885871610989629,0.0055265523781341495,-0.00034552812576293945,-0.006536629982292655,0.007361372932791706,-0.031262286007404334,-0.5551865100860596,-0.8311381936073303,0.0049561299383640315,-0.0002639889717102051,0.007178843021392822, Right
